vendor_id,tpep_pickup_datetime,tpep_dropoff_datetime,passenger_count,trip_distance,payment_type,fare_amount,tip_amount,total_amount
2,2015-01-15 08:30:00,2015-01-15 08:55:00,2,5.97,1,52.6,0.0,52.6
2,2015-01-15 08:30:00,2015-01-15 08:55:00,1,1.23,2,55.43,1.69,57.12
2,2015-01-15 08:30:00,2015-01-15 08:55:00,2,11.51,3,21.68,4.26,25.94
1,2015-01-15 08:30:00,2015-01-15 08:55:00,6,10.85,3,65.52,0.0,65.52
1,2015-01-15 08:30:00,2015-01-15 08:55:00,4,2.87,3,15.82,1.86,17.68
1,2015-01-15 08:30:00,2015-01-15 08:55:00,4,2.43,3,49.88,12.74,62.62
1,2015-01-15 08:30:00,2015-01-15 08:55:00,6,2.2,2,67.03,20.22,87.25
1,2015-01-15 08:30:00,2015-01-15 08:55:00,4,7.31,3,62.75,18.78,81.53
1,2015-01-15 08:30:00,2015-01-15 08:55:00,5,16.06,2,16.36,3.84,20.2
1,2015-01-15 08:30:00,2015-01-15 08:55:00,6,8.44,1,16.42,5.69,22.11
2,2015-01-15 08:30:00,2015-01-15 08:55:00,4,7.06,2,21.41,0.0,21.41
1,2015-01-15 08:30:00,2015-01-15 08:55:00,6,12.73,4,73.4,18.44,91.84
2,2015-01-15 08:30:00,2015-01-15 08:55:00,6,14.82,4,14.86,0.0,14.86
2,2015-01-15 08:30:00,2015-01-15 08:55:00,1,19.02,1,31.51,1.53,33.04
2,2015-01-15 08:30:00,2015-01-15 08:55:00,5,2.06,4,15.62,0.0,15.62
1,2015-01-15 08:30:00,2015-01-15 08:55:00,6,18.16,3,49.29,4.34,53.63
1,2015-01-15 08:30:00,2015-01-15 08:55:00,4,0.58,3,62.41,6.41,68.82
1,2015-01-15 08:30:00,2015-01-15 08:55:00,6,7.81,2,77.86,13.83,91.69
1,2015-01-15 08:30:00,2015-01-15 08:55:00,5,8.44,1,15.62,2.95,18.57
2,2015-01-15 08:30:00,2015-01-15 08:55:00,2,1.92,1,12.5,4.31,16.81
1,2015-01-15 08:30:00,2015-01-15 08:55:00,2,16.66,2,10.51,0.25,10.76
1,2015-01-15 08:30:00,2015-01-15 08:55:00,5,19.0,2,24.14,3.58,27.72
2,2015-01-15 08:30:00,2015-01-15 08:55:00,4,22.54,4,58.18,13.68,71.86
2,2015-01-15 08:30:00,2015-01-15 08:55:00,1,14.91,2,13.2,0.0,13.2
1,2015-01-15 08:30:00,2015-01-15 08:55:00,2,2.15,1,48.72,0.0,48.72
1,2015-01-15 08:30:00,2015-01-15 08:55:00,3,16.89,2,69.33,0.0,69.33
2,2015-01-15 08:30:00,2015-01-15 08:55:00,2,19.72,4,44.98,13.89,58.87
2,2015-01-15 08:30:00,2015-01-15 08:55:00,3,10.88,4,18.47,0.0,18.47
1,2015-01-15 08:30:00,2015-01-15 08:55:00,1,10.36,3,69.65,0.0,69.65
1,2015-01-15 08:30:00,2015-01-15 08:55:00,2,13.64,2,64.85,0.0,64.85
1,2015-01-15 08:30:00,2015-01-15 08:55:00,1,11.36,1,36.06,0.0,36.06
1,2015-01-15 08:30:00,2015-01-15 08:55:00,2,4.57,4,7.84,2.29,10.13
1,2015-01-15 08:30:00,2015-01-15 08:55:00,4,0.55,4,40.58,12.82,53.4
2,2015-01-15 08:30:00,2015-01-15 08:55:00,6,23.95,4,24.16,3.85,28.01
1,2015-01-15 08:30:00,2015-01-15 08:55:00,5,18.53,1,15.76,0.0,15.76
2,2015-01-15 08:30:00,2015-01-15 08:55:00,5,23.02,2,60.85,0.0,60.85
1,2015-01-15 08:30:00,2015-01-15 08:55:00,5,2.17,2,8.32,2.48,10.8
1,2015-01-15 08:30:00,2015-01-15 08:55:00,5,2.51,3,34.69,6.92,41.61
2,2015-01-15 08:30:00,2015-01-15 08:55:00,2,7.01,2,75.04,0.0,75.04
2,2015-01-15 08:30:00,2015-01-15 08:55:00,1,0.73,1,55.05,0.0,55.05
2,2015-01-15 08:30:00,2015-01-15 08:55:00,2,23.36,1,9.57,0.0,9.57
2,2015-01-15 08:30:00,2015-01-15 08:55:00,5,24.6,1,70.82,3.91,74.73
1,2015-01-15 08:30:00,2015-01-15 08:55:00,2,6.98,1,54.76,17.86,72.62
2,2015-01-15 08:30:00,2015-01-15 08:55:00,5,5.66,3,60.42,0.0,60.42
2,2015-01-15 08:30:00,2015-01-15 08:55:00,3,22.68,1,19.47,1.8,21.27
1,2015-01-15 08:30:00,2015-01-15 08:55:00,3,19.39,3,11.01,1.07,12.08
1,2015-01-15 08:30:00,2015-01-15 08:55:00,1,2.34,2,16.28,4.02,20.3
1,2015-01-15 08:30:00,2015-01-15 08:55:00,4,3.62,3,45.46,9.27,54.73
1,2015-01-15 08:30:00,2015-01-15 08:55:00,3,5.65,2,31.71,10.79,42.5
2,2015-01-15 08:30:00,2015-01-15 08:55:00,5,18.86,2,54.69,10.72,65.41
2,2015-01-15 08:30:00,2015-01-15 08:55:00,1,4.89,3,69.71,19.78,89.49
1,2015-01-15 08:30:00,2015-01-15 08:55:00,3,4.4,1,63.46,14.88,78.34
2,2015-01-15 08:30:00,2015-01-15 08:55:00,2,5.39,4,33.07,0.0,33.07
1,2015-01-15 08:30:00,2015-01-15 08:55:00,1,16.67,4,30.57,9.32,39.89
2,2015-01-15 08:30:00,2015-01-15 08:55:00,3,16.22,4,28.95,9.8,38.75
1,2015-01-15 08:30:00,2015-01-15 08:55:00,1,21.99,3,55.64,6.45,62.09
1,2015-01-15 08:30:00,2015-01-15 08:55:00,5,11.15,3,17.57,1.63,19.2
1,2015-01-15 08:30:00,2015-01-15 08:55:00,3,1.59,4,37.17,1.5,38.67
1,2015-01-15 08:30:00,2015-01-15 08:55:00,3,11.07,3,4.13,0.78,4.91
2,2015-01-15 08:30:00,2015-01-15 08:55:00,5,8.08,4,51.36,2.24,53.6
1,2015-01-15 08:30:00,2015-01-15 08:55:00,4,16.79,4,28.79,5.59,34.38
2,2015-01-15 08:30:00,2015-01-15 08:55:00,4,13.92,1,55.48,11.95,67.43
2,2015-01-15 08:30:00,2015-01-15 08:55:00,4,11.32,2,27.09,0.0,27.09
1,2015-01-15 08:30:00,2015-01-15 08:55:00,6,2.58,3,42.85,14.4,57.25
2,2015-01-15 08:30:00,2015-01-15 08:55:00,2,20.26,2,11.1,0.91,12.01
2,2015-01-15 08:30:00,2015-01-15 08:55:00,5,21.32,1,5.86,0.0,5.86
2,2015-01-15 08:30:00,2015-01-15 08:55:00,4,10.29,2,38.61,7.78,46.39
1,2015-01-15 08:30:00,2015-01-15 08:55:00,4,5.86,4,53.86,0.0,53.86
1,2015-01-15 08:30:00,2015-01-15 08:55:00,4,3.77,4,7.82,0.0,7.82
2,2015-01-15 08:30:00,2015-01-15 08:55:00,5,20.47,4,54.74,11.41,66.15
2,2015-01-15 08:30:00,2015-01-15 08:55:00,4,6.85,2,67.12,21.08,88.2
2,2015-01-15 08:30:00,2015-01-15 08:55:00,6,6.36,4,67.83,0.0,67.83
2,2015-01-15 08:30:00,2015-01-15 08:55:00,3,8.33,1,9.89,0.0,9.89
1,2015-01-15 08:30:00,2015-01-15 08:55:00,6,5.74,4,14.52,0.0,14.52
1,2015-01-15 08:30:00,2015-01-15 08:55:00,4,10.04,1,34.98,5.09,40.07
1,2015-01-15 08:30:00,2015-01-15 08:55:00,3,7.82,4,69.11,9.2,78.31
1,2015-01-15 08:30:00,2015-01-15 08:55:00,4,5.88,4,68.86,10.1,78.96
2,2015-01-15 08:30:00,2015-01-15 08:55:00,6,4.54,4,40.91,9.58,50.49
2,2015-01-15 08:30:00,2015-01-15 08:55:00,5,14.33,1,73.89,13.81,87.7
1,2015-01-15 08:30:00,2015-01-15 08:55:00,1,6.87,3,10.38,3.15,13.53
2,2015-01-15 08:30:00,2015-01-15 08:55:00,3,18.92,4,20.09,5.35,25.44
1,2015-01-15 08:30:00,2015-01-15 08:55:00,6,13.72,3,23.17,0.0,23.17
1,2015-01-15 08:30:00,2015-01-15 08:55:00,1,23.77,2,21.04,0.0,21.04
2,2015-01-15 08:30:00,2015-01-15 08:55:00,6,3.3,2,67.78,5.66,73.44
2,2015-01-15 08:30:00,2015-01-15 08:55:00,2,15.34,1,39.34,0.0,39.34
2,2015-01-15 08:30:00,2015-01-15 08:55:00,1,14.68,3,63.11,0.0,63.11
1,2015-01-15 08:30:00,2015-01-15 08:55:00,1,15.01,2,47.76,6.27,54.03
1,2015-01-15 08:30:00,2015-01-15 08:55:00,5,19.67,3,11.74,3.49,15.23
2,2015-01-15 08:30:00,2015-01-15 08:55:00,1,21.31,4,44.49,1.07,45.56
2,2015-01-15 08:30:00,2015-01-15 08:55:00,6,4.25,2,12.02,2.67,14.69
2,2015-01-15 08:30:00,2015-01-15 08:55:00,4,11.17,3,59.77,5.65,65.42
1,2015-01-15 08:30:00,2015-01-15 08:55:00,3,22.1,2,28.5,0.0,28.5
2,2015-01-15 08:30:00,2015-01-15 08:55:00,1,12.61,3,61.04,14.28,75.32
2,2015-01-15 08:30:00,2015-01-15 08:55:00,3,7.35,3,17.82,0.0,17.82
1,2015-01-15 08:30:00,2015-01-15 08:55:00,6,10.46,2,46.24,3.09,49.33
1,2015-01-15 08:30:00,2015-01-15 08:55:00,1,7.71,4,56.49,9.7,66.19
2,2015-01-15 08:30:00,2015-01-15 08:55:00,5,13.51,4,56.58,11.52,68.1
2,2015-01-15 08:30:00,2015-01-15 08:55:00,3,8.01,2,79.74,9.82,89.56
1,2015-01-15 08:30:00,2015-01-15 08:55:00,6,13.63,2,13.17,0.0,13.17
2,2015-01-15 08:30:00,2015-01-15 08:55:00,1,20.9,3,18.56,1.8,20.36
1,2015-01-15 08:30:00,2015-01-15 08:55:00,6,13.59,3,21.29,0.0,21.29
2,2015-01-15 08:30:00,2015-01-15 08:55:00,6,23.63,4,7.46,0.0,7.46
2,2015-01-15 08:30:00,2015-01-15 08:55:00,4,12.23,3,11.8,0.0,11.8
2,2015-01-15 08:30:00,2015-01-15 08:55:00,1,20.64,4,18.01,0.0,18.01
1,2015-01-15 08:30:00,2015-01-15 08:55:00,2,20.37,3,41.37,9.94,51.31
2,2015-01-15 08:30:00,2015-01-15 08:55:00,5,15.11,2,10.47,0.0,10.47
2,2015-01-15 08:30:00,2015-01-15 08:55:00,5,24.76,3,62.95,20.02,82.97
1,2015-01-15 08:30:00,2015-01-15 08:55:00,2,15.83,3,47.22,0.0,47.22
1,2015-01-15 08:30:00,2015-01-15 08:55:00,5,2.34,1,54.19,0.0,54.19
1,2015-01-15 08:30:00,2015-01-15 08:55:00,2,7.56,3,35.05,5.76,40.81
2,2015-01-15 08:30:00,2015-01-15 08:55:00,6,14.95,2,57.43,13.82,71.25
2,2015-01-15 08:30:00,2015-01-15 08:55:00,2,2.25,2,36.31,8.23,44.54
2,2015-01-15 08:30:00,2015-01-15 08:55:00,4,3.55,3,64.24,18.53,82.77
2,2015-01-15 08:30:00,2015-01-15 08:55:00,4,2.47,1,57.18,10.02,67.2
1,2015-01-15 08:30:00,2015-01-15 08:55:00,1,6.11,1,71.6,15.13,86.73
1,2015-01-15 08:30:00,2015-01-15 08:55:00,2,12.03,4,79.97,7.54,87.51
2,2015-01-15 08:30:00,2015-01-15 08:55:00,6,20.45,1,73.62,0.0,73.62
1,2015-01-15 08:30:00,2015-01-15 08:55:00,2,8.58,4,39.72,4.46,44.18
1,2015-01-15 08:30:00,2015-01-15 08:55:00,4,2.66,3,25.9,7.37,33.27
1,2015-01-15 08:30:00,2015-01-15 08:55:00,6,21.8,4,28.57,4.04,32.61
2,2015-01-15 08:30:00,2015-01-15 08:55:00,5,19.03,4,35.41,0.0,35.41
1,2015-01-15 08:30:00,2015-01-15 08:55:00,3,11.23,4,61.76,0.0,61.76
1,2015-01-15 08:30:00,2015-01-15 08:55:00,6,4.38,1,13.23,2.82,16.05
1,2015-01-15 08:30:00,2015-01-15 08:55:00,4,23.7,2,45.97,0.0,45.97
2,2015-01-15 08:30:00,2015-01-15 08:55:00,4,20.95,4,41.88,7.46,49.34
1,2015-01-15 08:30:00,2015-01-15 08:55:00,1,7.27,4,22.52,3.02,25.54
1,2015-01-15 08:30:00,2015-01-15 08:55:00,3,18.29,4,29.83,2.79,32.62
2,2015-01-15 08:30:00,2015-01-15 08:55:00,5,19.19,4,69.76,11.83,81.59
1,2015-01-15 08:30:00,2015-01-15 08:55:00,5,9.88,4,38.61,2.55,41.16
2,2015-01-15 08:30:00,2015-01-15 08:55:00,4,24.72,2,7.32,1.81,9.13
2,2015-01-15 08:30:00,2015-01-15 08:55:00,1,21.92,4,41.64,0.0,41.64
1,2015-01-15 08:30:00,2015-01-15 08:55:00,4,21.84,2,11.58,0.06,11.64
2,2015-01-15 08:30:00,2015-01-15 08:55:00,6,2.47,3,9.69,0.9,10.59
2,2015-01-15 08:30:00,2015-01-15 08:55:00,6,18.11,4,68.78,9.15,77.93
1,2015-01-15 08:30:00,2015-01-15 08:55:00,2,15.96,3,70.3,0.0,70.3
1,2015-01-15 08:30:00,2015-01-15 08:55:00,6,17.75,1,79.8,12.12,91.92
1,2015-01-15 08:30:00,2015-01-15 08:55:00,3,20.01,3,37.72,11.93,49.65
2,2015-01-15 08:30:00,2015-01-15 08:55:00,5,17.2,2,31.24,2.67,33.91
2,2015-01-15 08:30:00,2015-01-15 08:55:00,5,17.24,4,16.92,0.0,16.92
2,2015-01-15 08:30:00,2015-01-15 08:55:00,6,6.72,3,73.38,0.0,73.38
2,2015-01-15 08:30:00,2015-01-15 08:55:00,6,13.89,1,54.68,8.9,63.58
2,2015-01-15 08:30:00,2015-01-15 08:55:00,6,6.63,3,37.57,7.73,45.3
1,2015-01-15 08:30:00,2015-01-15 08:55:00,4,14.51,3,19.14,3.24,22.38
2,2015-01-15 08:30:00,2015-01-15 08:55:00,3,0.7,1,79.44,0.0,79.44
2,2015-01-15 08:30:00,2015-01-15 08:55:00,2,15.37,3,73.21,21.34,94.55
2,2015-01-15 08:30:00,2015-01-15 08:55:00,6,19.01,2,20.64,0.0,20.64
2,2015-01-15 08:30:00,2015-01-15 08:55:00,4,1.32,3,51.75,11.71,63.46
2,2015-01-15 08:30:00,2015-01-15 08:55:00,3,18.81,2,59.66,0.0,59.66
2,2015-01-15 08:30:00,2015-01-15 08:55:00,5,12.79,3,19.26,5.91,25.17
2,2015-01-15 08:30:00,2015-01-15 08:55:00,3,18.79,3,67.12,0.0,67.12
1,2015-01-15 08:30:00,2015-01-15 08:55:00,6,18.24,4,65.12,1.72,66.84
2,2015-01-15 08:30:00,2015-01-15 08:55:00,1,6.98,1,77.51,9.92,87.43
2,2015-01-15 08:30:00,2015-01-15 08:55:00,6,23.54,1,38.56,9.07,47.63
2,2015-01-15 08:30:00,2015-01-15 08:55:00,5,5.92,1,55.29,11.99,67.28
2,2015-01-15 08:30:00,2015-01-15 08:55:00,1,3.92,1,52.29,12.83,65.12
1,2015-01-15 08:30:00,2015-01-15 08:55:00,4,11.61,4,27.13,0.92,28.05
1,2015-01-15 08:30:00,2015-01-15 08:55:00,4,15.58,3,48.64,15.07,63.71
1,2015-01-15 08:30:00,2015-01-15 08:55:00,3,2.93,3,6.49,1.01,7.5
2,2015-01-15 08:30:00,2015-01-15 08:55:00,3,5.15,1,45.38,5.7,51.08
1,2015-01-15 08:30:00,2015-01-15 08:55:00,6,16.17,1,76.12,2.44,78.56
1,2015-01-15 08:30:00,2015-01-15 08:55:00,1,20.83,2,7.84,2.71,10.55
1,2015-01-15 08:30:00,2015-01-15 08:55:00,5,0.57,2,48.57,3.96,52.53
1,2015-01-15 08:30:00,2015-01-15 08:55:00,6,21.73,2,79.05,22.09,101.14
2,2015-01-15 08:30:00,2015-01-15 08:55:00,1,4.77,1,5.13,0.43,5.56
1,2015-01-15 08:30:00,2015-01-15 08:55:00,4,11.48,3,13.63,0.54,14.17
1,2015-01-15 08:30:00,2015-01-15 08:55:00,5,1.56,3,43.01,0.0,43.01
2,2015-01-15 08:30:00,2015-01-15 08:55:00,4,10.94,1,38.81,0.83,39.64
1,2015-01-15 08:30:00,2015-01-15 08:55:00,3,15.4,1,41.26,1.06,42.32
2,2015-01-15 08:30:00,2015-01-15 08:55:00,4,24.87,3,13.59,2.78,16.37
1,2015-01-15 08:30:00,2015-01-15 08:55:00,6,16.45,2,38.48,1.34,39.82
2,2015-01-15 08:30:00,2015-01-15 08:55:00,4,10.69,1,36.69,5.31,42.0
1,2015-01-15 08:30:00,2015-01-15 08:55:00,6,23.11,1,27.75,2.48,30.23
2,2015-01-15 08:30:00,2015-01-15 08:55:00,1,18.74,3,10.93,0.0,10.93
2,2015-01-15 08:30:00,2015-01-15 08:55:00,6,3.49,3,65.69,13.48,79.17
1,2015-01-15 08:30:00,2015-01-15 08:55:00,3,15.21,3,70.39,10.42,80.81
2,2015-01-15 08:30:00,2015-01-15 08:55:00,2,21.26,3,11.87,0.64,12.51
1,2015-01-15 08:30:00,2015-01-15 08:55:00,4,21.21,1,68.25,18.22,86.47
1,2015-01-15 08:30:00,2015-01-15 08:55:00,2,7.2,3,50.28,12.2,62.48
1,2015-01-15 08:30:00,2015-01-15 08:55:00,5,16.6,1,74.04,4.7,78.74
1,2015-01-15 08:30:00,2015-01-15 08:55:00,4,10.79,3,14.78,0.16,14.94
1,2015-01-15 08:30:00,2015-01-15 08:55:00,1,4.31,1,15.96,1.81,17.77
2,2015-01-15 08:30:00,2015-01-15 08:55:00,4,15.37,4,55.22,0.0,55.22
2,2015-01-15 08:30:00,2015-01-15 08:55:00,1,7.44,4,24.76,0.99,25.75
1,2015-01-15 08:30:00,2015-01-15 08:55:00,1,5.51,2,44.05,3.4,47.45
1,2015-01-15 08:30:00,2015-01-15 08:55:00,1,12.69,4,62.32,6.31,68.63
2,2015-01-15 08:30:00,2015-01-15 08:55:00,1,10.23,1,17.35,4.27,21.62
2,2015-01-15 08:30:00,2015-01-15 08:55:00,5,11.02,4,37.15,1.01,38.16
1,2015-01-15 08:30:00,2015-01-15 08:55:00,3,4.71,4,57.92,2.33,60.25
1,2015-01-15 08:30:00,2015-01-15 08:55:00,2,11.17,4,67.23,2.07,69.3
2,2015-01-15 08:30:00,2015-01-15 08:55:00,2,8.66,2,43.82,4.76,48.58
1,2015-01-15 08:30:00,2015-01-15 08:55:00,3,9.1,2,9.8,1.82,11.62
1,2015-01-15 08:30:00,2015-01-15 08:55:00,2,15.26,1,21.96,0.0,21.96
2,2015-01-15 08:30:00,2015-01-15 08:55:00,6,23.14,3,17.46,3.02,20.48
1,2015-01-15 08:30:00,2015-01-15 08:55:00,4,11.33,3,69.68,3.68,73.36
1,2015-01-15 08:30:00,2015-01-15 08:55:00,3,11.81,1,64.52,7.95,72.47
1,2015-01-15 08:30:00,2015-01-15 08:55:00,5,15.05,4,8.32,0.22,8.54
1,2015-01-15 08:30:00,2015-01-15 08:55:00,4,22.77,2,39.17,10.86,50.03
1,2015-01-15 08:30:00,2015-01-15 08:55:00,4,3.04,3,28.44,1.5,29.94
1,2015-01-15 08:30:00,2015-01-15 08:55:00,1,6.57,4,78.66,0.0,78.66
2,2015-01-15 08:30:00,2015-01-15 08:55:00,3,22.99,4,79.31,16.93,96.24
2,2015-01-15 08:30:00,2015-01-15 08:55:00,1,8.58,4,35.07,7.34,42.41
1,2015-01-15 08:30:00,2015-01-15 08:55:00,3,2.5,2,25.6,5.88,31.48
2,2015-01-15 08:30:00,2015-01-15 08:55:00,2,15.08,1,73.67,16.92,90.59
1,2015-01-15 08:30:00,2015-01-15 08:55:00,6,17.72,1,27.53,7.63,35.16
2,2015-01-15 08:30:00,2015-01-15 08:55:00,3,4.92,2,53.1,6.72,59.82
1,2015-01-15 08:30:00,2015-01-15 08:55:00,2,2.39,1,29.97,2.01,31.98
1,2015-01-15 08:30:00,2015-01-15 08:55:00,6,8.75,2,42.58,11.01,53.59
1,2015-01-15 08:30:00,2015-01-15 08:55:00,6,19.39,2,49.39,0.0,49.39
2,2015-01-15 08:30:00,2015-01-15 08:55:00,6,18.13,4,58.81,0.0,58.81
1,2015-01-15 08:30:00,2015-01-15 08:55:00,5,6.36,4,50.41,13.83,64.24
2,2015-01-15 08:30:00,2015-01-15 08:55:00,4,19.35,4,72.7,0.0,72.7
1,2015-01-15 08:30:00,2015-01-15 08:55:00,5,3.89,3,42.22,2.39,44.61
1,2015-01-15 08:30:00,2015-01-15 08:55:00,6,21.22,1,7.97,1.04,9.01
1,2015-01-15 08:30:00,2015-01-15 08:55:00,4,2.75,2,25.66,2.45,28.11
2,2015-01-15 08:30:00,2015-01-15 08:55:00,1,10.21,3,66.07,21.52,87.59
1,2015-01-15 08:30:00,2015-01-15 08:55:00,3,23.31,3,21.92,2.88,24.8
2,2015-01-15 08:30:00,2015-01-15 08:55:00,4,17.55,2,64.14,0.0,64.14
1,2015-01-15 08:30:00,2015-01-15 08:55:00,1,6.77,2,61.67,13.28,74.95
1,2015-01-15 08:30:00,2015-01-15 08:55:00,3,6.32,1,45.71,8.44,54.15
2,2015-01-15 08:30:00,2015-01-15 08:55:00,1,3.22,4,7.63,2.12,9.75
1,2015-01-15 08:30:00,2015-01-15 08:55:00,6,4.02,4,49.35,0.0,49.35
1,2015-01-15 08:30:00,2015-01-15 08:55:00,6,16.87,3,4.12,0.82,4.94
1,2015-01-15 08:30:00,2015-01-15 08:55:00,4,21.9,1,9.14,1.62,10.76
1,2015-01-15 08:30:00,2015-01-15 08:55:00,3,19.82,3,52.31,4.64,56.95
2,2015-01-15 08:30:00,2015-01-15 08:55:00,2,1.59,3,22.33,0.81,23.14
2,2015-01-15 08:30:00,2015-01-15 08:55:00,6,12.22,2,65.83,0.0,65.83
2,2015-01-15 08:30:00,2015-01-15 08:55:00,1,7.69,1,65.67,0.0,65.67
2,2015-01-15 08:30:00,2015-01-15 08:55:00,5,10.26,4,64.12,7.08,71.2
2,2015-01-15 08:30:00,2015-01-15 08:55:00,1,21.71,3,23.25,1.56,24.81
2,2015-01-15 08:30:00,2015-01-15 08:55:00,6,11.27,4,24.76,3.79,28.55
2,2015-01-15 08:30:00,2015-01-15 08:55:00,3,23.15,3,29.77,0.0,29.77
1,2015-01-15 08:30:00,2015-01-15 08:55:00,5,7.7,1,64.89,1.79,66.68
2,2015-01-15 08:30:00,2015-01-15 08:55:00,2,17.4,3,10.09,1.08,11.17
2,2015-01-15 08:30:00,2015-01-15 08:55:00,3,16.17,1,37.98,12.12,50.1
1,2015-01-15 08:30:00,2015-01-15 08:55:00,1,4.0,4,9.7,1.23,10.93
2,2015-01-15 08:30:00,2015-01-15 08:55:00,3,9.88,1,6.64,0.0,6.64
2,2015-01-15 08:30:00,2015-01-15 08:55:00,4,19.2,2,49.99,16.6,66.59
1,2015-01-15 08:30:00,2015-01-15 08:55:00,1,1.13,2,44.24,10.06,54.3
2,2015-01-15 08:30:00,2015-01-15 08:55:00,3,17.75,2,41.93,8.24,50.17
2,2015-01-15 08:30:00,2015-01-15 08:55:00,2,3.5,1,79.72,0.0,79.72
1,2015-01-15 08:30:00,2015-01-15 08:55:00,6,24.21,3,38.36,5.98,44.34
2,2015-01-15 08:30:00,2015-01-15 08:55:00,3,21.36,2,54.76,10.54,65.3
1,2015-01-15 08:30:00,2015-01-15 08:55:00,2,6.3,4,64.32,2.73,67.05
1,2015-01-15 08:30:00,2015-01-15 08:55:00,5,22.16,1,6.0,0.77,6.77
2,2015-01-15 08:30:00,2015-01-15 08:55:00,4,20.67,1,27.51,6.92,34.43
2,2015-01-15 08:30:00,2015-01-15 08:55:00,6,13.18,2,13.52,0.35,13.87
1,2015-01-15 08:30:00,2015-01-15 08:55:00,2,11.1,1,70.72,15.84,86.56
1,2015-01-15 08:30:00,2015-01-15 08:55:00,3,23.4,2,67.19,7.15,74.34
1,2015-01-15 08:30:00,2015-01-15 08:55:00,3,5.31,3,30.3,9.49,39.79
1,2015-01-15 08:30:00,2015-01-15 08:55:00,5,23.57,2,13.51,2.52,16.03
2,2015-01-15 08:30:00,2015-01-15 08:55:00,5,1.51,1,17.01,5.37,22.38
2,2015-01-15 08:30:00,2015-01-15 08:55:00,6,5.66,4,10.17,2.74,12.91
2,2015-01-15 08:30:00,2015-01-15 08:55:00,6,23.94,4,50.98,0.0,50.98
2,2015-01-15 08:30:00,2015-01-15 08:55:00,1,17.37,2,22.61,3.21,25.82
1,2015-01-15 08:30:00,2015-01-15 08:55:00,3,21.61,3,37.41,2.67,40.08
1,2015-01-15 08:30:00,2015-01-15 08:55:00,3,13.12,1,59.8,20.41,80.21
1,2015-01-15 08:30:00,2015-01-15 08:55:00,2,2.87,3,28.25,2.64,30.89
1,2015-01-15 08:30:00,2015-01-15 08:55:00,3,23.38,3,75.85,11.1,86.95
2,2015-01-15 08:30:00,2015-01-15 08:55:00,4,22.04,4,18.43,0.0,18.43
1,2015-01-15 08:30:00,2015-01-15 08:55:00,2,14.79,1,5.76,1.02,6.78
2,2015-01-15 08:30:00,2015-01-15 08:55:00,3,13.65,1,7.84,2.42,10.26
2,2015-01-15 08:30:00,2015-01-15 08:55:00,3,1.61,1,36.75,9.36,46.11
2,2015-01-15 08:30:00,2015-01-15 08:55:00,1,9.97,4,47.34,0.0,47.34
1,2015-01-15 08:30:00,2015-01-15 08:55:00,2,24.39,4,62.09,0.0,62.09
2,2015-01-15 08:30:00,2015-01-15 08:55:00,2,5.38,4,32.36,6.32,38.68
1,2015-01-15 08:30:00,2015-01-15 08:55:00,6,8.66,4,42.01,0.0,42.01
1,2015-01-15 08:30:00,2015-01-15 08:55:00,3,23.32,3,43.47,0.0,43.47
2,2015-01-15 08:30:00,2015-01-15 08:55:00,5,8.74,4,16.35,4.23,20.58
1,2015-01-15 08:30:00,2015-01-15 08:55:00,3,8.62,1,57.86,0.0,57.86
1,2015-01-15 08:30:00,2015-01-15 08:55:00,5,12.13,2,78.47,21.88,100.35
2,2015-01-15 08:30:00,2015-01-15 08:55:00,2,20.63,2,58.83,3.51,62.34
1,2015-01-15 08:30:00,2015-01-15 08:55:00,4,8.19,2,6.4,0.25,6.65
2,2015-01-15 08:30:00,2015-01-15 08:55:00,6,18.32,2,35.38,0.0,35.38
2,2015-01-15 08:30:00,2015-01-15 08:55:00,5,9.73,2,43.42,15.17,58.59
2,2015-01-15 08:30:00,2015-01-15 08:55:00,5,12.36,2,38.93,7.44,46.37
2,2015-01-15 08:30:00,2015-01-15 08:55:00,3,17.77,4,25.2,0.0,25.2
2,2015-01-15 08:30:00,2015-01-15 08:55:00,3,3.49,4,28.1,9.18,37.28
1,2015-01-15 08:30:00,2015-01-15 08:55:00,3,1.53,1,72.08,8.71,80.79
2,2015-01-15 08:30:00,2015-01-15 08:55:00,2,5.45,3,30.32,2.72,33.04
1,2015-01-15 08:30:00,2015-01-15 08:55:00,2,1.74,2,74.91,3.6,78.51
2,2015-01-15 08:30:00,2015-01-15 08:55:00,3,18.08,1,52.48,0.0,52.48
1,2015-01-15 08:30:00,2015-01-15 08:55:00,4,16.5,4,55.77,0.0,55.77
2,2015-01-15 08:30:00,2015-01-15 08:55:00,3,7.49,1,40.29,0.0,40.29
1,2015-01-15 08:30:00,2015-01-15 08:55:00,5,18.6,1,73.0,0.0,73.0
1,2015-01-15 08:30:00,2015-01-15 08:55:00,1,24.93,4,73.41,0.0,73.41
2,2015-01-15 08:30:00,2015-01-15 08:55:00,1,0.73,1,63.89,0.0,63.89
2,2015-01-15 08:30:00,2015-01-15 08:55:00,2,21.35,4,74.56,11.86,86.42
2,2015-01-15 08:30:00,2015-01-15 08:55:00,6,6.8,2,24.74,2.86,27.6
1,2015-01-15 08:30:00,2015-01-15 08:55:00,2,15.47,4,5.07,0.52,5.59
1,2015-01-15 08:30:00,2015-01-15 08:55:00,2,24.55,4,66.85,2.03,68.88
2,2015-01-15 08:30:00,2015-01-15 08:55:00,4,6.27,3,28.59,0.0,28.59
1,2015-01-15 08:30:00,2015-01-15 08:55:00,3,16.52,2,76.51,19.36,95.87
2,2015-01-15 08:30:00,2015-01-15 08:55:00,2,10.43,3,8.72,0.0,8.72
2,2015-01-15 08:30:00,2015-01-15 08:55:00,5,5.91,2,56.46,18.59,75.05
2,2015-01-15 08:30:00,2015-01-15 08:55:00,4,17.7,4,40.34,13.96,54.3
1,2015-01-15 08:30:00,2015-01-15 08:55:00,6,18.99,1,61.56,17.79,79.35
1,2015-01-15 08:30:00,2015-01-15 08:55:00,1,20.8,2,43.94,5.56,49.5
2,2015-01-15 08:30:00,2015-01-15 08:55:00,5,11.33,2,47.53,0.0,47.53
2,2015-01-15 08:30:00,2015-01-15 08:55:00,1,11.61,4,58.49,18.4,76.89
2,2015-01-15 08:30:00,2015-01-15 08:55:00,6,20.27,1,38.72,0.0,38.72
1,2015-01-15 08:30:00,2015-01-15 08:55:00,1,10.88,1,34.09,8.9,42.99
1,2015-01-15 08:30:00,2015-01-15 08:55:00,4,1.28,4,45.13,0.0,45.13
2,2015-01-15 08:30:00,2015-01-15 08:55:00,3,24.82,4,17.68,0.0,17.68
1,2015-01-15 08:30:00,2015-01-15 08:55:00,6,24.12,2,38.09,5.03,43.12
2,2015-01-15 08:30:00,2015-01-15 08:55:00,5,3.62,2,53.67,3.35,57.02
2,2015-01-15 08:30:00,2015-01-15 08:55:00,6,18.12,4,67.45,23.1,90.55
2,2015-01-15 08:30:00,2015-01-15 08:55:00,2,7.25,1,44.43,3.85,48.28
1,2015-01-15 08:30:00,2015-01-15 08:55:00,2,5.55,1,6.45,1.39,7.84
1,2015-01-15 08:30:00,2015-01-15 08:55:00,2,18.64,4,49.14,11.56,60.7
1,2015-01-15 08:30:00,2015-01-15 08:55:00,2,12.85,3,37.36,9.86,47.22
2,2015-01-15 08:30:00,2015-01-15 08:55:00,2,7.89,2,21.8,4.4,26.2
2,2015-01-15 08:30:00,2015-01-15 08:55:00,1,14.14,2,78.91,11.42,90.33
2,2015-01-15 08:30:00,2015-01-15 08:55:00,6,16.95,3,51.58,8.95,60.53
1,2015-01-15 08:30:00,2015-01-15 08:55:00,5,12.1,2,56.92,5.97,62.89
1,2015-01-15 08:30:00,2015-01-15 08:55:00,5,10.61,4,26.86,7.58,34.44
1,2015-01-15 08:30:00,2015-01-15 08:55:00,3,5.48,1,46.35,0.0,46.35
1,2015-01-15 08:30:00,2015-01-15 08:55:00,1,7.08,1,74.09,2.4,76.49
1,2015-01-15 08:30:00,2015-01-15 08:55:00,4,5.62,3,70.4,0.0,70.4
1,2015-01-15 08:30:00,2015-01-15 08:55:00,6,3.37,4,27.04,2.0,29.04
2,2015-01-15 08:30:00,2015-01-15 08:55:00,2,14.03,3,73.5,18.1,91.6
2,2015-01-15 08:30:00,2015-01-15 08:55:00,3,13.06,4,32.93,4.14,37.07
2,2015-01-15 08:30:00,2015-01-15 08:55:00,2,9.58,4,39.42,9.97,49.39
1,2015-01-15 08:30:00,2015-01-15 08:55:00,3,14.06,4,7.47,1.94,9.41
1,2015-01-15 08:30:00,2015-01-15 08:55:00,4,14.46,2,26.43,0.0,26.43
2,2015-01-15 08:30:00,2015-01-15 08:55:00,4,24.18,4,41.95,10.06,52.01
1,2015-01-15 08:30:00,2015-01-15 08:55:00,6,13.89,2,39.02,4.81,43.83
1,2015-01-15 08:30:00,2015-01-15 08:55:00,5,1.33,1,73.68,16.55,90.23
2,2015-01-15 08:30:00,2015-01-15 08:55:00,2,21.14,2,75.83,20.29,96.12
1,2015-01-15 08:30:00,2015-01-15 08:55:00,5,11.67,1,9.17,0.0,9.17
2,2015-01-15 08:30:00,2015-01-15 08:55:00,6,12.45,1,50.96,11.0,61.96
2,2015-01-15 08:30:00,2015-01-15 08:55:00,5,24.45,1,44.45,0.26,44.71
1,2015-01-15 08:30:00,2015-01-15 08:55:00,1,22.99,2,42.17,6.36,48.53
2,2015-01-15 08:30:00,2015-01-15 08:55:00,3,19.98,1,22.31,1.97,24.28
1,2015-01-15 08:30:00,2015-01-15 08:55:00,3,17.26,1,32.35,6.4,38.75
1,2015-01-15 08:30:00,2015-01-15 08:55:00,4,9.79,4,53.68,14.27,67.95
1,2015-01-15 08:30:00,2015-01-15 08:55:00,1,12.75,4,8.26,0.0,8.26
1,2015-01-15 08:30:00,2015-01-15 08:55:00,5,23.02,2,53.01,18.13,71.14
2,2015-01-15 08:30:00,2015-01-15 08:55:00,3,1.64,1,20.07,6.23,26.3
1,2015-01-15 08:30:00,2015-01-15 08:55:00,2,23.25,3,56.02,0.0,56.02
1,2015-01-15 08:30:00,2015-01-15 08:55:00,6,20.61,1,5.19,0.0,5.19
2,2015-01-15 08:30:00,2015-01-15 08:55:00,6,22.46,3,26.75,5.31,32.06
1,2015-01-15 08:30:00,2015-01-15 08:55:00,5,18.76,3,33.17,9.18,42.35
2,2015-01-15 08:30:00,2015-01-15 08:55:00,5,19.34,4,8.08,2.37,10.45
2,2015-01-15 08:30:00,2015-01-15 08:55:00,4,6.09,4,77.64,17.23,94.87
1,2015-01-15 08:30:00,2015-01-15 08:55:00,5,7.74,2,36.82,8.51,45.33
1,2015-01-15 08:30:00,2015-01-15 08:55:00,4,17.94,2,58.2,0.0,58.2
1,2015-01-15 08:30:00,2015-01-15 08:55:00,3,11.4,3,60.21,2.25,62.46
2,2015-01-15 08:30:00,2015-01-15 08:55:00,4,14.15,4,11.77,0.0,11.77
1,2015-01-15 08:30:00,2015-01-15 08:55:00,5,15.15,3,11.85,0.0,11.85
2,2015-01-15 08:30:00,2015-01-15 08:55:00,4,19.59,2,69.64,0.0,69.64
2,2015-01-15 08:30:00,2015-01-15 08:55:00,2,3.9,3,47.47,0.0,47.47
1,2015-01-15 08:30:00,2015-01-15 08:55:00,4,7.26,3,24.4,0.0,24.4
2,2015-01-15 08:30:00,2015-01-15 08:55:00,2,18.16,4,40.8,0.0,40.8
1,2015-01-15 08:30:00,2015-01-15 08:55:00,2,7.96,4,49.13,0.0,49.13
2,2015-01-15 08:30:00,2015-01-15 08:55:00,4,8.7,2,29.25,8.23,37.48
2,2015-01-15 08:30:00,2015-01-15 08:55:00,3,4.85,4,26.83,6.53,33.36
2,2015-01-15 08:30:00,2015-01-15 08:55:00,5,19.66,3,77.62,0.0,77.62
1,2015-01-15 08:30:00,2015-01-15 08:55:00,5,5.4,2,32.58,4.48,37.06
2,2015-01-15 08:30:00,2015-01-15 08:55:00,6,5.64,3,55.81,18.62,74.43
2,2015-01-15 08:30:00,2015-01-15 08:55:00,6,12.73,3,67.18,0.0,67.18
2,2015-01-15 08:30:00,2015-01-15 08:55:00,1,11.5,4,22.39,5.6,27.99
2,2015-01-15 08:30:00,2015-01-15 08:55:00,5,1.4,3,48.25,15.6,63.85
1,2015-01-15 08:30:00,2015-01-15 08:55:00,1,19.34,3,57.32,11.91,69.23
2,2015-01-15 08:30:00,2015-01-15 08:55:00,3,24.16,4,16.64,3.28,19.92
1,2015-01-15 08:30:00,2015-01-15 08:55:00,5,18.8,2,12.05,0.0,12.05
1,2015-01-15 08:30:00,2015-01-15 08:55:00,3,24.94,4,37.88,10.24,48.12
1,2015-01-15 08:30:00,2015-01-15 08:55:00,6,3.97,3,11.95,4.02,15.97
2,2015-01-15 08:30:00,2015-01-15 08:55:00,4,2.89,4,30.07,5.48,35.55
1,2015-01-15 08:30:00,2015-01-15 08:55:00,1,21.3,1,28.24,8.01,36.25
1,2015-01-15 08:30:00,2015-01-15 08:55:00,5,4.77,2,55.46,0.0,55.46
2,2015-01-15 08:30:00,2015-01-15 08:55:00,6,5.02,4,29.16,4.72,33.88
2,2015-01-15 08:30:00,2015-01-15 08:55:00,5,11.02,1,34.06,10.53,44.59
1,2015-01-15 08:30:00,2015-01-15 08:55:00,5,2.99,2,57.56,0.0,57.56
1,2015-01-15 08:30:00,2015-01-15 08:55:00,3,16.93,4,31.8,0.0,31.8
2,2015-01-15 08:30:00,2015-01-15 08:55:00,5,3.3,3,44.11,9.22,53.33
2,2015-01-15 08:30:00,2015-01-15 08:55:00,5,14.96,2,68.26,19.44,87.7
1,2015-01-15 08:30:00,2015-01-15 08:55:00,2,9.65,2,27.8,0.0,27.8
2,2015-01-15 08:30:00,2015-01-15 08:55:00,4,5.05,2,42.82,2.07,44.89
2,2015-01-15 08:30:00,2015-01-15 08:55:00,4,15.68,3,46.17,2.27,48.44
2,2015-01-15 08:30:00,2015-01-15 08:55:00,5,12.88,4,76.34,5.21,81.55
2,2015-01-15 08:30:00,2015-01-15 08:55:00,4,4.6,1,35.09,8.72,43.81
1,2015-01-15 08:30:00,2015-01-15 08:55:00,3,6.01,3,64.49,0.0,64.49
2,2015-01-15 08:30:00,2015-01-15 08:55:00,5,13.01,1,16.78,4.36,21.14
1,2015-01-15 08:30:00,2015-01-15 08:55:00,6,11.31,2,24.36,8.45,32.81
1,2015-01-15 08:30:00,2015-01-15 08:55:00,3,21.93,1,79.22,0.0,79.22
2,2015-01-15 08:30:00,2015-01-15 08:55:00,1,19.5,2,38.18,10.91,49.09
2,2015-01-15 08:30:00,2015-01-15 08:55:00,2,15.6,2,19.95,4.81,24.76
2,2015-01-15 08:30:00,2015-01-15 08:55:00,5,13.7,3,65.83,13.13,78.96
2,2015-01-15 08:30:00,2015-01-15 08:55:00,5,24.64,1,78.4,0.0,78.4
1,2015-01-15 08:30:00,2015-01-15 08:55:00,3,21.74,2,14.3,2.06,16.36
1,2015-01-15 08:30:00,2015-01-15 08:55:00,6,8.39,2,57.31,0.0,57.31
2,2015-01-15 08:30:00,2015-01-15 08:55:00,6,10.65,4,61.87,10.6,72.47
2,2015-01-15 08:30:00,2015-01-15 08:55:00,5,18.87,3,9.74,2.62,12.36
1,2015-01-15 08:30:00,2015-01-15 08:55:00,6,24.32,3,38.56,7.85,46.41
2,2015-01-15 08:30:00,2015-01-15 08:55:00,2,12.62,3,68.61,9.55,78.16
2,2015-01-15 08:30:00,2015-01-15 08:55:00,3,22.41,1,66.95,13.54,80.49
1,2015-01-15 08:30:00,2015-01-15 08:55:00,1,23.27,2,7.49,2.19,9.68
2,2015-01-15 08:30:00,2015-01-15 08:55:00,2,24.89,2,37.54,0.0,37.54
2,2015-01-15 08:30:00,2015-01-15 08:55:00,1,16.54,3,71.04,21.74,92.78
1,2015-01-15 08:30:00,2015-01-15 08:55:00,4,15.83,2,10.26,2.33,12.59
1,2015-01-15 08:30:00,2015-01-15 08:55:00,1,5.73,1,36.62,0.0,36.62
2,2015-01-15 08:30:00,2015-01-15 08:55:00,1,0.7,3,14.09,0.0,14.09
1,2015-01-15 08:30:00,2015-01-15 08:55:00,4,2.24,4,66.1,9.77,75.87
2,2015-01-15 08:30:00,2015-01-15 08:55:00,3,3.86,2,10.79,0.39,11.18
1,2015-01-15 08:30:00,2015-01-15 08:55:00,5,16.43,4,52.76,1.26,54.02
1,2015-01-15 08:30:00,2015-01-15 08:55:00,4,15.59,4,30.69,0.0,30.69
1,2015-01-15 08:30:00,2015-01-15 08:55:00,2,18.93,4,69.36,0.0,69.36
1,2015-01-15 08:30:00,2015-01-15 08:55:00,3,16.29,2,30.72,8.51,39.23
1,2015-01-15 08:30:00,2015-01-15 08:55:00,6,21.96,2,46.06,9.8,55.86
2,2015-01-15 08:30:00,2015-01-15 08:55:00,6,1.84,2,43.35,11.35,54.7
2,2015-01-15 08:30:00,2015-01-15 08:55:00,6,15.05,1,41.61,0.0,41.61
2,2015-01-15 08:30:00,2015-01-15 08:55:00,3,13.89,2,79.0,3.65,82.65
1,2015-01-15 08:30:00,2015-01-15 08:55:00,5,2.15,3,61.97,16.71,78.68
2,2015-01-15 08:30:00,2015-01-15 08:55:00,5,7.52,4,20.4,6.77,27.17
1,2015-01-15 08:30:00,2015-01-15 08:55:00,3,2.55,1,36.19,8.11,44.3
1,2015-01-15 08:30:00,2015-01-15 08:55:00,5,8.51,1,42.86,0.0,42.86
1,2015-01-15 08:30:00,2015-01-15 08:55:00,1,6.49,4,27.57,9.2,36.77
1,2015-01-15 08:30:00,2015-01-15 08:55:00,1,0.81,2,12.81,0.25,13.06
2,2015-01-15 08:30:00,2015-01-15 08:55:00,5,13.17,3,57.31,0.0,57.31
2,2015-01-15 08:30:00,2015-01-15 08:55:00,6,22.22,1,16.69,0.0,16.69
2,2015-01-15 08:30:00,2015-01-15 08:55:00,6,24.39,1,29.46,5.4,34.86
1,2015-01-15 08:30:00,2015-01-15 08:55:00,3,4.35,1,41.71,0.81,42.52
1,2015-01-15 08:30:00,2015-01-15 08:55:00,1,21.54,1,71.96,2.9,74.86
1,2015-01-15 08:30:00,2015-01-15 08:55:00,2,23.31,1,22.59,3.03,25.62
2,2015-01-15 08:30:00,2015-01-15 08:55:00,2,8.38,4,46.02,11.93,57.95
2,2015-01-15 08:30:00,2015-01-15 08:55:00,1,12.8,1,73.6,21.28,94.88
2,2015-01-15 08:30:00,2015-01-15 08:55:00,1,21.99,3,17.63,6.06,23.69
2,2015-01-15 08:30:00,2015-01-15 08:55:00,1,9.54,3,62.79,1.9,64.69
2,2015-01-15 08:30:00,2015-01-15 08:55:00,3,15.0,4,46.85,10.21,57.06
1,2015-01-15 08:30:00,2015-01-15 08:55:00,2,0.66,4,79.83,20.47,100.3
1,2015-01-15 08:30:00,2015-01-15 08:55:00,3,0.54,4,5.82,1.3,7.12
1,2015-01-15 08:30:00,2015-01-15 08:55:00,4,12.55,1,68.52,2.49,71.01
2,2015-01-15 08:30:00,2015-01-15 08:55:00,1,1.58,2,77.91,0.0,77.91
2,2015-01-15 08:30:00,2015-01-15 08:55:00,4,24.38,1,72.19,17.71,89.9
2,2015-01-15 08:30:00,2015-01-15 08:55:00,1,15.0,1,48.14,10.74,58.88
2,2015-01-15 08:30:00,2015-01-15 08:55:00,3,23.19,4,37.06,3.07,40.13
2,2015-01-15 08:30:00,2015-01-15 08:55:00,2,2.33,2,57.26,6.37,63.63
1,2015-01-15 08:30:00,2015-01-15 08:55:00,2,11.51,3,14.34,0.55,14.89
1,2015-01-15 08:30:00,2015-01-15 08:55:00,4,8.05,3,34.89,11.78,46.67
2,2015-01-15 08:30:00,2015-01-15 08:55:00,6,17.57,1,68.79,0.0,68.79
1,2015-01-15 08:30:00,2015-01-15 08:55:00,3,10.21,1,20.34,1.06,21.4
1,2015-01-15 08:30:00,2015-01-15 08:55:00,1,23.83,4,55.47,0.0,55.47
1,2015-01-15 08:30:00,2015-01-15 08:55:00,2,3.48,1,46.25,1.53,47.78
2,2015-01-15 08:30:00,2015-01-15 08:55:00,3,17.31,1,67.11,3.07,70.18
1,2015-01-15 08:30:00,2015-01-15 08:55:00,1,24.93,2,48.26,0.0,48.26
2,2015-01-15 08:30:00,2015-01-15 08:55:00,1,1.55,4,72.59,3.27,75.86
2,2015-01-15 08:30:00,2015-01-15 08:55:00,4,1.22,4,7.85,1.19,9.04
1,2015-01-15 08:30:00,2015-01-15 08:55:00,3,7.36,2,17.13,0.0,17.13
2,2015-01-15 08:30:00,2015-01-15 08:55:00,4,10.59,4,6.63,0.57,7.2
1,2015-01-15 08:30:00,2015-01-15 08:55:00,4,5.39,2,8.63,0.0,8.63
2,2015-01-15 08:30:00,2015-01-15 08:55:00,6,9.3,4,51.94,14.45,66.39
2,2015-01-15 08:30:00,2015-01-15 08:55:00,2,1.14,2,30.15,3.39,33.54
2,2015-01-15 08:30:00,2015-01-15 08:55:00,5,9.26,2,6.23,0.61,6.84
1,2015-01-15 08:30:00,2015-01-15 08:55:00,3,13.58,1,78.02,0.0,78.02
2,2015-01-15 08:30:00,2015-01-15 08:55:00,3,23.41,2,62.07,12.51,74.58
2,2015-01-15 08:30:00,2015-01-15 08:55:00,5,1.19,3,17.38,4.9,22.28
1,2015-01-15 08:30:00,2015-01-15 08:55:00,4,13.78,2,76.01,14.98,90.99
1,2015-01-15 08:30:00,2015-01-15 08:55:00,5,5.86,4,41.27,0.0,41.27
1,2015-01-15 08:30:00,2015-01-15 08:55:00,3,18.06,3,4.05,0.29,4.34
1,2015-01-15 08:30:00,2015-01-15 08:55:00,1,21.24,3,8.53,0.0,8.53
2,2015-01-15 08:30:00,2015-01-15 08:55:00,5,2.98,3,77.0,25.38,102.38
2,2015-01-15 08:30:00,2015-01-15 08:55:00,6,24.04,3,28.52,7.31,35.83
2,2015-01-15 08:30:00,2015-01-15 08:55:00,2,16.81,2,17.24,4.18,21.42
1,2015-01-15 08:30:00,2015-01-15 08:55:00,6,0.54,4,32.76,3.38,36.14
1,2015-01-15 08:30:00,2015-01-15 08:55:00,5,8.3,2,68.66,13.64,82.3
2,2015-01-15 08:30:00,2015-01-15 08:55:00,2,8.61,1,52.61,0.0,52.61
1,2015-01-15 08:30:00,2015-01-15 08:55:00,6,16.92,3,22.09,1.3,23.39
1,2015-01-15 08:30:00,2015-01-15 08:55:00,6,2.16,3,37.94,0.0,37.94
2,2015-01-15 08:30:00,2015-01-15 08:55:00,6,10.78,2,63.81,1.08,64.89
2,2015-01-15 08:30:00,2015-01-15 08:55:00,1,20.81,2,71.23,9.44,80.67
1,2015-01-15 08:30:00,2015-01-15 08:55:00,3,0.99,3,16.36,0.0,16.36
1,2015-01-15 08:30:00,2015-01-15 08:55:00,4,4.44,1,76.33,0.0,76.33
2,2015-01-15 08:30:00,2015-01-15 08:55:00,6,1.26,2,45.58,1.49,47.07
2,2015-01-15 08:30:00,2015-01-15 08:55:00,2,24.37,4,50.16,0.94,51.1
2,2015-01-15 08:30:00,2015-01-15 08:55:00,6,7.4,2,56.99,14.56,71.55
2,2015-01-15 08:30:00,2015-01-15 08:55:00,2,1.84,1,11.29,2.17,13.46
2,2015-01-15 08:30:00,2015-01-15 08:55:00,2,2.88,2,36.5,0.0,36.5
1,2015-01-15 08:30:00,2015-01-15 08:55:00,4,21.17,3,16.98,0.0,16.98
2,2015-01-15 08:30:00,2015-01-15 08:55:00,1,16.23,4,63.65,19.94,83.59
2,2015-01-15 08:30:00,2015-01-15 08:55:00,1,6.95,4,18.05,2.33,20.38
1,2015-01-15 08:30:00,2015-01-15 08:55:00,6,16.85,1,24.02,4.74,28.76
1,2015-01-15 08:30:00,2015-01-15 08:55:00,5,1.99,4,54.78,7.94,62.72
2,2015-01-15 08:30:00,2015-01-15 08:55:00,5,22.1,4,66.2,12.41,78.61
1,2015-01-15 08:30:00,2015-01-15 08:55:00,5,14.49,2,26.71,7.98,34.69
1,2015-01-15 08:30:00,2015-01-15 08:55:00,2,20.31,2,13.14,0.8,13.94
2,2015-01-15 08:30:00,2015-01-15 08:55:00,2,24.93,2,7.24,0.0,7.24
1,2015-01-15 08:30:00,2015-01-15 08:55:00,1,10.01,4,67.39,0.0,67.39
1,2015-01-15 08:30:00,2015-01-15 08:55:00,6,15.76,4,45.96,8.36,54.32
1,2015-01-15 08:30:00,2015-01-15 08:55:00,1,14.29,1,12.55,0.0,12.55
2,2015-01-15 08:30:00,2015-01-15 08:55:00,3,9.88,4,63.72,19.63,83.35
2,2015-01-15 08:30:00,2015-01-15 08:55:00,2,15.65,4,47.47,2.86,50.33
1,2015-01-15 08:30:00,2015-01-15 08:55:00,1,18.77,3,6.95,0.81,7.76
2,2015-01-15 08:30:00,2015-01-15 08:55:00,3,7.37,4,72.17,0.0,72.17
1,2015-01-15 08:30:00,2015-01-15 08:55:00,2,7.86,4,69.23,23.56,92.79
1,2015-01-15 08:30:00,2015-01-15 08:55:00,2,11.32,4,62.83,16.03,78.86
1,2015-01-15 08:30:00,2015-01-15 08:55:00,5,19.89,1,60.31,18.31,78.62
1,2015-01-15 08:30:00,2015-01-15 08:55:00,2,5.22,2,27.65,1.31,28.96
2,2015-01-15 08:30:00,2015-01-15 08:55:00,1,22.99,2,67.61,0.0,67.61
1,2015-01-15 08:30:00,2015-01-15 08:55:00,6,1.25,3,24.82,4.39,29.21
2,2015-01-15 08:30:00,2015-01-15 08:55:00,5,14.01,3,41.15,13.83,54.98
